关键词,知识库,标题,首次发现,media_id
可转债量化,「智汇研」券商投行研报精选（持续更新）,20260727_七月可转债量化月报权益急跌中的转债韧性及估值代价.pdf,2026-08-06T21:42:50+08:00,pdf_dfdbba97e7a7063036b5548608ae236e_f18cdcf60fcfd592001be24505d07f4f7314697732761447
可转债量化,「智汇研」券商投行研报精选（持续更新）,20260727_国盛证券_七月可转债量化月报权益急跌中的转债韧性及估值代价.pdf,2026-08-06T21:42:50+08:00,pdf_dfdbba97e7a7063036b5548608ae236e_086dcd6e5ae13b698a7cfeea91811d677314697732761447
可转债量化,「智汇研」券商投行研报精选（持续更新）,20260727-国盛证券-量化分析报告权益急跌中的转债韧性及估值代价七月可转债量化月报.pdf,2026-08-06T21:42:50+08:00,pdf_dfdbba97e7a7063036b5548608ae236e_1b510f23b7b511fa39bf989d5aacea7c7314697732761447
可转债量化,「智汇研」券商投行研报精选（持续更新）,20260727-国盛证券有限责任公司-量化分析报告七月可转债量化月报-权益急跌中的转债韧性及估值代价.pdf,2026-08-06T21:42:50+08:00,pdf_dfdbba97e7a7063036b5548608ae236e_916c30de3d672eee89cd5b940899b8cf7314697732761447
可转债量化,「智汇研」券商投行研报精选（持续更新）,20260824_国盛证券_八月可转债量化月报估值被动抬升到主动消化.pdf,2026-08-26T13:14:10+08:00,pdf_dfdbba97e7a7063036b5548608ae236e_1b8912800d51157b409f017589ffe5697314697732761447
可转债量化,「智汇研」券商投行研报精选（持续更新）,20260824-国盛证券-量化分析报告估值被动抬升到主动消化八月可转债量化月报.pdf,2026-08-26T13:14:10+08:00,pdf_dfdbba97e7a7063036b5548608ae236e_4a998ca7b6dced6e25f1b810a788c5887314697732761447
可转债量化,「智汇研」券商投行研报精选（持续更新）,20260824_国盛证券-估值被动抬升到主动消化——八月可转债量化月报-2026-08-24.pdf,2026-08-26T13:14:10+08:00,pdf_dfdbba97e7a7063036b5548608ae236e_024856581a489b312028ed23c050243d7314697732761447
因子择时,「智汇研」券商投行研报精选（持续更新）,20260731_固定收益点评基于正股的转债五因子择时模型更新.pdf,2026-08-06T21:40:14+08:00,pdf_dfdbba97e7a7063036b5548608ae236e_98dfc7f8ccd431b34873cb518acb367c7314697732761447
因子择时,「智汇研」券商投行研报精选（持续更新）,20260731_国海证券_固定收益点评基于正股的转债五因子择时模型更新.pdf,2026-08-06T21:40:14+08:00,pdf_dfdbba97e7a7063036b5548608ae236e_eb6662b73d3893b21d6992be1e1792da7314697732761447
基本面量化,「智汇研」券商投行研报精选（持续更新）,20260729_中信期货_原油基本面量化因子.pdf,2026-08-06T21:40:14+08:00,pdf_dfdbba97e7a7063036b5548608ae236e_de11f240b9ce0e434580192cac118b097314697732761447
基本面量化,「智汇研」券商投行研报精选（持续更新）,20260806_中金公司_基本面量化系列（30）如何利用关联图谱信息进行选股？.pdf,2026-08-06T21:40:14+08:00,pdf_dfdbba97e7a7063036b5548608ae236e_c28df4bc0ff32d49b4f216bc71c2954e7314697732761447
基本面量化,「智汇研」券商投行研报精选（持续更新）,20260810_中信期货_金融工程（量化CTA）周报CTA策略表现分化，基本面量化策略表现相对较优.pdf,2026-08-12T08:25:26+08:00,pdf_dfdbba97e7a7063036b5548608ae236e_70105991af5e849968c6dac7fe863bb57314697732761447
基本面量化,「智汇研」券商投行研报精选（持续更新）,20260817_中信期货_金融工程周报（量化CTA）CTA策略全部上涨，基本面量化策略表现相对较优.pdf,2026-08-18T09:11:19+08:00,pdf_dfdbba97e7a7063036b5548608ae236e_365b45f6bf7dab9fb45bb3b8a44c760b7314697732761447
基本面量化,「智汇研」券商投行研报精选（持续更新）,20260820-招商证券-成长投资全解析基本面量化系列研究之六.pdf,2026-08-23T08:00:08+08:00,pdf_dfdbba97e7a7063036b5548608ae236e_c4a7177c17e5e62ccac4df9ce0676a737314697732761447
多因子,「智汇研」券商投行研报精选（持续更新）,20260725_国信证券_多因子选股周报反转行情持续，中证1000增强组合本年超额收益16.84%.pdf,2026-08-06T21:39:35+08:00,pdf_dfdbba97e7a7063036b5548608ae236e_d85923798b3e154637047496bc6f1c3e7314697732761447
多因子,「智汇研」券商投行研报精选（持续更新）,20260801_国信证券_多因子选股周报超额持续回暖，四大指增组合本周均跑赢基准.pdf,2026-08-06T21:39:35+08:00,pdf_dfdbba97e7a7063036b5548608ae236e_d27714afe9ae6ea4eee2453ca784524d7314697732761447
多因子,「智汇研」券商投行研报精选（持续更新）,20260808_国信证券_多因子选股周报超额加速前进，中证1000增强组合年内超额21.45%.pdf,2026-08-09T11:16:21+08:00,pdf_dfdbba97e7a7063036b5548608ae236e_33c5c5336a01cb7efc54eb3df55afa3e7314697732761447
多因子,「智汇研」券商投行研报精选（持续更新）,20260808_国信证券_多因子选股周报超额加速前进中证1000增强组合年内超额214.pdf,2026-08-09T11:16:21+08:00,pdf_dfdbba97e7a7063036b5548608ae236e_982cc41cae35df029d22730aaa7da74d7314697732761447
多因子,「智汇研」券商投行研报精选（持续更新）,20260815-长江证券-多因子选股二十二分析师预期偏离因子.pdf,2026-08-16T07:58:14+08:00,pdf_dfdbba97e7a7063036b5548608ae236e_c001775de5785fefe2a3ffb67a5ab5fa7314697732761447
多因子,「智汇研」券商投行研报精选（持续更新）,20260815_国信证券_多因子选股周报反转因子表现出色，中证1000增强组合年内超额20.39%.pdf,2026-08-16T07:58:14+08:00,pdf_dfdbba97e7a7063036b5548608ae236e_66bf16c4a00e2092cc4b9c64d256e3067314697732761447
多因子,「智汇研」券商投行研报精选（持续更新）,20260815-国信证券-多因子选股周报反转因子表现出色中证1000增强组合年内超额2.pdf,2026-08-16T07:58:14+08:00,pdf_dfdbba97e7a7063036b5548608ae236e_84f4508fcb485ace0a4f9cf55575a0857314697732761447
多因子,「智汇研」券商投行研报精选（持续更新）,20260815_国信证券-多因子选股周报-2026-08-15.pdf,2026-08-18T09:11:19+08:00,pdf_dfdbba97e7a7063036b5548608ae236e_289ceb696e59d317fa136e81767ad8937314697732761447
多因子,「智汇研」券商投行研报精选（持续更新）,20260815_长江证券-多因子选股（二十二）分析师预期偏离因子-2026-08-15.pdf,2026-08-18T09:11:19+08:00,pdf_dfdbba97e7a7063036b5548608ae236e_0891801e42bb3d60ee170be58b1bd35f7314697732761447
多因子,「智汇研」券商投行研报精选（持续更新）,20260816_招商证券_库存周期与估值会碰撞出怎样的火花？基于库存周期的多因子商品配置策略.pdf,2026-08-18T09:11:19+08:00,pdf_dfdbba97e7a7063036b5548608ae236e_fdd0ba0b73c755b4ffde396112e6c5177314697732761447
多因子,「智汇研」券商投行研报精选（持续更新）,20260822_国信证券_多因子选股周报换手率因子表现出色，四大指增组合本周均跑赢基准.pdf,2026-08-23T08:00:08+08:00,pdf_dfdbba97e7a7063036b5548608ae236e_02a49d2b1c030b529b523e093d03a8cf7314697732761447
多因子,「智汇研」券商投行研报精选（持续更新）,20260822_国信证券_多因子选股周报换手率因子表现出色四大指增组合本周均跑赢基准.pdf,2026-08-23T08:00:08+08:00,pdf_dfdbba97e7a7063036b5548608ae236e_9dae30e3c68c50e69b825fc8a4aac92f7314697732761447
小市值,「智汇研」券商投行研报精选（持续更新）,20260815-国泰海通证券-低频选股因子周报小市值高估值风格占优反转因子表现优异.pdf,2026-08-16T07:58:14+08:00,pdf_dfdbba97e7a7063036b5548608ae236e_cf080667ac6152866c382f2e5b21cb0f7314697732761447
小市值,「智汇研」券商投行研报精选（持续更新）,20260817-申港证券-策略周报上周市场涨跌互现，中小市值股比较活跃.pdf,2026-08-20T07:58:37+08:00,pdf_dfdbba97e7a7063036b5548608ae236e_fc3e00069ee7f1d1344aa253d7fe6f777314697732761447
小市值,「智汇研」券商投行研报精选（持续更新）,20260818_申港证券-策略周报上周市场涨跌互现，中小市值股比较活跃-2026-08-18.pdf,2026-08-20T07:58:37+08:00,pdf_dfdbba97e7a7063036b5548608ae236e_0a965c676a9d75be83fa04670a73649e7314697732761447
机器学习,「智汇研」券商投行研报精选（持续更新）,20260803_西南证券_机器学习因子选股月报.pdf,2026-08-06T21:42:50+08:00,pdf_dfdbba97e7a7063036b5548608ae236e_6fa9123ca9b92d6c513372bc4375776a7314697732761447
机器学习,「智汇研」券商投行研报精选（持续更新）,20260729-西南证券-机器学习因子选股月报（2026年8月）.pdf,2026-08-06T21:42:50+08:00,pdf_dfdbba97e7a7063036b5548608ae236e_7301b8d32707e2e6f5ec3fe6f8c019667314697732761447
机器学习,「智汇研」券商投行研报精选（持续更新）,20260809_国金证券-7月机器学习中证1000指增策略表现出色-2026-08-09.pdf,2026-08-12T08:25:26+08:00,pdf_dfdbba97e7a7063036b5548608ae236e_f7d618e1499ded933bf6eb9580b673ed7314697732761447
机器学习,「智汇研」券商投行研报精选（持续更新）,20260809_国金证券_主动量化组合跟踪7月机器学习中证1000指增策略表现出色.pdf,2026-08-12T08:25:26+08:00,pdf_dfdbba97e7a7063036b5548608ae236e_05808c40b64c69d74da8a8d2007c4a7c7314697732761447
机器学习,「智汇研」券商投行研报精选（持续更新）,20260815-国盛证券-量化专题报告机器学习选股模型系列研究二量价指纹模型的迭代行为.pdf,2026-08-16T07:58:14+08:00,pdf_dfdbba97e7a7063036b5548608ae236e_9c48b5930c19b417e17742e85f7f06b67314697732761447
机器学习,「智汇研」券商投行研报精选（持续更新）,20260815_国盛证券_“机器学习”选股模型系列研究（二）量价指纹模型的迭代行为选股与条件风格收益的协同.pdf,2026-08-16T07:58:14+08:00,pdf_dfdbba97e7a7063036b5548608ae236e_87de8ec85b943d417fb7a328b9a3d1bb7314697732761447
机器学习,「智汇研」券商投行研报精选（持续更新）,20260815-国盛证券有限责任公司-量化专题报告“机器学习”选股模型系列研究（二）-量价指纹模型的迭代行为选股与条件.pdf,2026-08-16T07:58:14+08:00,pdf_dfdbba97e7a7063036b5548608ae236e_5a12b91567cc6edae4d22ccc48dc2cea7314697732761447
机器学习,「智汇研」券商投行研报精选（持续更新）,20260814_“机器学习”选股模型系列研究（二）量价指纹模型的迭代行为选股与条件风格收益的协同建模.pdf,2026-08-18T09:11:19+08:00,pdf_dfdbba97e7a7063036b5548608ae236e_04572a919527e587efb28994b6eddf787314697732761447
机器学习,「智汇研」券商投行研报精选（持续更新）,20260815_国盛证券-机器学习选股模型系列研究（二）量价指纹模型的迭代行为选股与条件风格收益的协同建模-2026-08-15.pdf,2026-08-18T09:11:19+08:00,pdf_dfdbba97e7a7063036b5548608ae236e_cd8d9b1c4efaf232a315044e7231bda67314697732761447
红利低波,「智汇研」券商投行研报精选（持续更新）,20260802_广发证券_AI识图关注红利低波、现金流、价值A股量化择时研究报告.pdf,2026-08-06T21:42:50+08:00,pdf_dfdbba97e7a7063036b5548608ae236e_d5105aa275e73a33d928eeec3d7ccf1f7314697732761447
红利低波,「智汇研」券商投行研报精选（持续更新）,20260809_广发证券_AI识图关注银行、红利低波、交通运输A股量化择时研究报告.pdf,2026-08-12T08:25:26+08:00,pdf_dfdbba97e7a7063036b5548608ae236e_59b1557ed8fcf22f4ca8e5884a2e22267314697732761447
红利低波,「智汇研」券商投行研报精选（持续更新）,20260825_如何构建红利低波策略.pdf,2026-08-26T13:14:10+08:00,pdf_dfdbba97e7a7063036b5548608ae236e_c617c372fff83666138e0af464afab747314697732761447
红利低波,「智汇研」券商投行研报精选（持续更新）,20260825_国泰海通证券_如何构建红利低波策略.pdf,2026-08-26T13:14:10+08:00,pdf_dfdbba97e7a7063036b5548608ae236e_736edd404831678001fab3b23217ebc17314697732761447
红利低波,「智汇研」券商投行研报精选（持续更新）,20260825_国泰海通证券-如何构建红利低波策略-2026-08-25.pdf,2026-08-26T13:14:10+08:00,pdf_dfdbba97e7a7063036b5548608ae236e_aaccd768b6c4cbac1290e647d23bf4797314697732761447
行业轮动,「智汇研」券商投行研报精选（持续更新）,20260803_招商证券_“预期共振”行业轮动模型八月最新推荐—行业轮动策略月报.pdf,2026-08-06T21:40:14+08:00,pdf_dfdbba97e7a7063036b5548608ae236e_c0197a517c539558abd2ec1773a4d80c7314697732761447
行业轮动,「智汇研」券商投行研报精选（持续更新）,20260727_行业轮动ETF策略周报.pdf,2026-08-06T21:40:14+08:00,pdf_dfdbba97e7a7063036b5548608ae236e_ab1aaa153d83a850ad50f6a641eb2cf27314697732761447
行业轮动,「智汇研」券商投行研报精选（持续更新）,20260803_行业轮动ETF策略周报.pdf,2026-08-06T21:40:14+08:00,pdf_dfdbba97e7a7063036b5548608ae236e_96861edb91ff2dff7d4eff2b39253bb67314697732761447
行业轮动,「智汇研」券商投行研报精选（持续更新）,20260804_行业轮动ETF策略周报.pdf,2026-08-06T21:40:14+08:00,pdf_dfdbba97e7a7063036b5548608ae236e_ff717a58c75cf0ea91741f33f439ce947314697732761447
行业轮动,「智汇研」券商投行研报精选（持续更新）,20260727_策略周报行业轮动ETF策略周报.pdf,2026-08-06T21:40:14+08:00,pdf_dfdbba97e7a7063036b5548608ae236e_774f496d63e4dcf97c5bec500cb887dc7314697732761447
行业轮动,「智汇研」券商投行研报精选（持续更新）,20260727-金融街证券-行业轮动ETF策略周报.pdf,2026-08-06T21:40:14+08:00,pdf_dfdbba97e7a7063036b5548608ae236e_ce8e1258c558449266ff933f3770ec4c7314697732761447
行业轮动,「智汇研」券商投行研报精选（持续更新）,20260803-金融街证券-行业轮动ETF策略周报.pdf,2026-08-06T21:40:14+08:00,pdf_dfdbba97e7a7063036b5548608ae236e_b2b229c18feb41905dbbc22f4d4a660b7314697732761447
行业轮动,「智汇研」券商投行研报精选（持续更新）,20260728_金融工程研究报告融资数据的行业轮动应用.pdf,2026-08-06T21:40:14+08:00,pdf_dfdbba97e7a7063036b5548608ae236e_d604e5ed89c03f4a9cfbadb40e01c9b57314697732761447
行业轮动,「智汇研」券商投行研报精选（持续更新）,20260804-湘财证券-港股市场跟踪与行业轮动月报.pdf,2026-08-06T21:40:14+08:00,pdf_dfdbba97e7a7063036b5548608ae236e_32ebd35cf70cf3cc3126c589d75d86b27314697732761447
行业轮动,「智汇研」券商投行研报精选（持续更新）,20260804_湘财证券_港股市场跟踪与行业轮动月报.pdf,2026-08-06T21:40:14+08:00,pdf_dfdbba97e7a7063036b5548608ae236e_4691e2aa4a88649f9ccd41375a19d4f67314697732761447
行业轮动,「智汇研」券商投行研报精选（持续更新）,20260728_浙商证券_金融工程研究报告融资数据的行业轮动应用.pdf,2026-08-06T21:40:14+08:00,pdf_dfdbba97e7a7063036b5548608ae236e_a01806c055a9a3f65b8e8acb48fbbf6c7314697732761447
行业轮动,「智汇研」券商投行研报精选（持续更新）,20260727_行业轮动模型跟踪周报（-20260731）医药消费资金集中度稳步提升.pdf,2026-08-06T21:40:14+08:00,pdf_dfdbba97e7a7063036b5548608ae236e_316a7875d4af0e1802a923f93cb6270c7314697732761447
行业轮动,「智汇研」券商投行研报精选（持续更新）,20260802-太平洋-金融工程点评形态相似度行业轮动策略动态跟踪.pdf,2026-08-06T21:40:14+08:00,pdf_dfdbba97e7a7063036b5548608ae236e_9db27306b143a971f6849878185dc5d37314697732761447
行业轮动,「智汇研」券商投行研报精选（持续更新）,20260728_板块轮动月报(2026年8月)八月，行业轮动正在恢复.pdf,2026-08-06T21:40:14+08:00,pdf_dfdbba97e7a7063036b5548608ae236e_b621575c236ecb5e18d491151ec2815b7314697732761447
行业轮动,「智汇研」券商投行研报精选（持续更新）,20260727-太平洋-金融工程点评形态相似度行业轮动策略动态跟踪.pdf,2026-08-06T21:40:14+08:00,pdf_dfdbba97e7a7063036b5548608ae236e_ba99a64227a3d8ba16479ad1e00eca2a7314697732761447
行业轮动,「智汇研」券商投行研报精选（持续更新）,20260803-中国银河-扩散指数行业轮动跟踪月报市场宽度边际修复，强势行业景气降温.pdf,2026-08-06T21:40:14+08:00,pdf_dfdbba97e7a7063036b5548608ae236e_df51ea021a6d62e19dce55ca72f265d47314697732761447
行业轮动,「智汇研」券商投行研报精选（持续更新）,20260806_国金证券-行业轮动双周度跟踪周期为主、辅以科技制造-2026-08-06.pdf,2026-08-06T21:40:14+08:00,pdf_dfdbba97e7a7063036b5548608ae236e_2dbd4bb3ca6a0fe8d380ee45b20b9e537314697732761447
行业轮动,「智汇研」券商投行研报精选（持续更新）,20260727_金融街证券研究所_恒泰证券自营-行业轮动ETF策略周报-2026-07-27.pdf,2026-08-06T21:40:14+08:00,pdf_dfdbba97e7a7063036b5548608ae236e_9b90c11f4237a9a894a40e9ff71aa60c7314697732761447
行业轮动,「智汇研」券商投行研报精选（持续更新）,20260803_风格及行业观点月报（2026.08）价值成长轮动模型YTD收益达26.79%，两行业轮动推荐均含非银金融、通信.pdf,2026-08-06T21:40:14+08:00,pdf_dfdbba97e7a7063036b5548608ae236e_c804eb365a84d22e69d390b7906faf217314697732761447
行业轮动,「智汇研」券商投行研报精选（持续更新）,20260729_板块轮动月报（2026年8月）八月行业轮动正在恢复.pdf,2026-08-06T21:40:14+08:00,pdf_dfdbba97e7a7063036b5548608ae236e_3e67a404d2be1d759ee365a54a96c31a7314697732761447
行业轮动,「智汇研」券商投行研报精选（持续更新）,20260810_行业轮动ETF策略周报.pdf,2026-08-12T08:25:26+08:00,pdf_dfdbba97e7a7063036b5548608ae236e_c2bd85877c551c89a909f513acfbc9757314697732761447
行业轮动,「智汇研」券商投行研报精选（持续更新）,20260810-金融街证券-行业轮动ETF策略周报.pdf,2026-08-16T07:58:14+08:00,pdf_dfdbba97e7a7063036b5548608ae236e_3378802cba426ec7053fb71e108c3bed7314697732761447
行业轮动,「智汇研」券商投行研报精选（持续更新）,20260813_华泰证券_行业资金流向图应用于行业轮动.pdf,2026-08-16T07:58:14+08:00,pdf_dfdbba97e7a7063036b5548608ae236e_72a6b90eab575a0adc0958cf9ab6ed5b7314697732761447
行业轮动,「智汇研」券商投行研报精选（持续更新）,20260813_华泰证券-行业资金流向图应用于行业轮动-2026-08-13.pdf,2026-08-16T07:58:14+08:00,pdf_dfdbba97e7a7063036b5548608ae236e_db8a1ffa618b629c9f3022dbecf93d027314697732761447
行业轮动,「智汇研」券商投行研报精选（持续更新）,20260817_行业轮动ETF策略周报.pdf,2026-08-18T09:11:19+08:00,pdf_dfdbba97e7a7063036b5548608ae236e_5838f3b213ad1247b14d35e3868df2df7314697732761447
行业轮动,「智汇研」券商投行研报精选（持续更新）,20260817_市场转向震荡，行业轮动加快.pdf,2026-08-18T09:11:19+08:00,pdf_dfdbba97e7a7063036b5548608ae236e_d14ad670ae02d16dd6d749c91e380f417314697732761447
行业轮动,「智汇研」券商投行研报精选（持续更新）,20260817_策略周报市场转向震荡，行业轮动加快.pdf,2026-08-18T09:11:19+08:00,pdf_dfdbba97e7a7063036b5548608ae236e_30f94df7984c41b49251d25654b034d67314697732761447
行业轮动,「智汇研」券商投行研报精选（持续更新）,20260817-金融街证券-行业轮动ETF策略周报.pdf,2026-08-18T09:11:19+08:00,pdf_dfdbba97e7a7063036b5548608ae236e_464de9b552add05ac0b1fbdf7b6452667314697732761447
行业轮动,「智汇研」券商投行研报精选（持续更新）,20260816_华泰证券_行业轮动模型重新关注电子行业.pdf,2026-08-18T09:11:19+08:00,pdf_dfdbba97e7a7063036b5548608ae236e_d670248d6edb4f1536338e8771d8b2d47314697732761447
行业轮动,「智汇研」券商投行研报精选（持续更新）,20260817_华宝证券_策略周报市场转向震荡，行业轮动加快.pdf,2026-08-18T09:11:19+08:00,pdf_dfdbba97e7a7063036b5548608ae236e_82cd9c80781c73c1170579250760aa487314697732761447
行业轮动,「智汇研」券商投行研报精选（持续更新）,20260816_华泰证券-行业轮动模型重新关注电子行业-2026-08-16.pdf,2026-08-18T09:11:19+08:00,pdf_dfdbba97e7a7063036b5548608ae236e_97814cbbe72e500885df73bd665518977314697732761447
行业轮动,「智汇研」券商投行研报精选（持续更新）,金融工程-20260816-华泰证券-金工量化投资周报行业轮动模型重新关注电子行业.pdf,2026-08-18T09:11:19+08:00,pdf_dfdbba97e7a7063036b5548608ae236e_fb26b319042d67e206ecb2754dcb564a7314697732761447
行业轮动,「智汇研」券商投行研报精选（持续更新）,20260815_长江证券-从因子打分行业轮动角度看短期可关注行业-2026-08-15.pdf,2026-08-18T09:11:19+08:00,pdf_dfdbba97e7a7063036b5548608ae236e_f04266545a3b650a66710db54748fe0f7314697732761447
行业轮动,「智汇研」券商投行研报精选（持续更新）,20260820_天风证券_TEAM行业轮动策略今年超额28.96%.pdf,2026-08-23T08:00:08+08:00,pdf_dfdbba97e7a7063036b5548608ae236e_84509f9cf28c00cb1502959f18a234fc7314697732761447
行业轮动,「智汇研」券商投行研报精选（持续更新）,20260820_天风证券_TEAM行业轮动策略今年超额2896%.pdf,2026-08-23T08:00:08+08:00,pdf_dfdbba97e7a7063036b5548608ae236e_a83d4ca7c1431f89026596877a12e1227314697732761447
行业轮动,「智汇研」券商投行研报精选（持续更新）,20260822_华泰证券_AI行业轮动模型超额收益持续攀升.pdf,2026-08-23T08:00:08+08:00,pdf_dfdbba97e7a7063036b5548608ae236e_b92f7cbaf03bc4d7799083708292ac297314697732761447
行业轮动,「智汇研」券商投行研报精选（持续更新）,20260820-天风证券-TEAM行业轮动策略今年超额2896.pdf,2026-08-23T08:00:08+08:00,pdf_dfdbba97e7a7063036b5548608ae236e_3ee7c8739c10682fbc2c1dea0734408c7314697732761447
行业轮动,「智汇研」券商投行研报精选（持续更新）,20260821_朝闻道指数修复进二退一，行业轮动生机可期.pdf,2026-08-23T08:00:08+08:00,pdf_dfdbba97e7a7063036b5548608ae236e_f2a443601b89b348cc4ed77becdd607a7314697732761447
行业轮动,「智汇研」券商投行研报精选（持续更新）,20260821_东方证券_朝闻道指数修复进二退一，行业轮动生机可期.pdf,2026-08-23T08:00:08+08:00,pdf_dfdbba97e7a7063036b5548608ae236e_904fb7b35975c882a62deeb8cf158ae17314697732761447
行业轮动,「智汇研」券商投行研报精选（持续更新）,20260821_东方证券-指数修复进二退一，行业轮动生机可期-2026-08-21.pdf,2026-08-23T08:00:08+08:00,pdf_dfdbba97e7a7063036b5548608ae236e_c220d67b8a08ebb0c5b6c4e833e9215b7314697732761447
行业轮动,「智汇研」券商投行研报精选（持续更新）,20260824_行业轮动ETF策略周报.pdf,2026-08-26T13:14:10+08:00,pdf_dfdbba97e7a7063036b5548608ae236e_9ba47c8b897a3c81aa7c383e1102188e7314697732761447
行业轮动,「智汇研」券商投行研报精选（持续更新）,20260824-金融街证券-行业轮动ETF策略周报.pdf,2026-08-26T13:14:10+08:00,pdf_dfdbba97e7a7063036b5548608ae236e_68cbd470ff47a1a6cfeb00eb5ce295e27314697732761447
行业轮动,「智汇研」券商投行研报精选（持续更新）,20260824_金融街证券_行业轮动ETF策略周报.pdf,2026-08-26T13:14:10+08:00,pdf_dfdbba97e7a7063036b5548608ae236e_ec31c54846cb05f97657c7a6bb37b8c27314697732761447
行业轮动,「智汇研」券商投行研报精选（持续更新）,20260822_华泰证券-AI行业轮动模型超额收益持续攀升-2026-08-22.pdf,2026-08-26T13:14:10+08:00,pdf_dfdbba97e7a7063036b5548608ae236e_f0e06bcd30f36bb3445775d23ebb230f7314697732761447
行业轮动,「智汇研」券商投行研报精选（持续更新）,20260823-太平洋-金融工程点评形态相似度行业轮动策略动态跟踪.pdf,2026-08-26T13:14:10+08:00,pdf_dfdbba97e7a7063036b5548608ae236e_f56abc02fefbdd172cbd8262acefe0007314697732761447
行业轮动,「智汇研」券商投行研报精选（持续更新）,20260824-国金证券-行业轮动双周度跟踪关注红利防御机会.pdf,2026-08-27T07:59:06+08:00,pdf_dfdbba97e7a7063036b5548608ae236e_4fcedfaedd7010ccdb9e26c800aa58087314697732761447
选股因子,「智汇研」券商投行研报精选（持续更新）,20260802_国泰海通证券_高频选股因子周报.pdf,2026-08-06T21:40:14+08:00,pdf_dfdbba97e7a7063036b5548608ae236e_cad1a0833e1550f939d75c4e7c4d270f7314697732761447
选股因子,「智汇研」券商投行研报精选（持续更新）,20260726_国泰海通证券_低频选股因子周报（2026.07.17-2026.07.24）.pdf,2026-08-06T21:40:14+08:00,pdf_dfdbba97e7a7063036b5548608ae236e_16142ea5856c6e4b3f66c50f4cdf44aa7314697732761447
选股因子,「智汇研」券商投行研报精选（持续更新）,20260801_国泰海通证券_低频选股因子周报（2026.07.24-2026.07.31）.pdf,2026-08-06T21:40:14+08:00,pdf_dfdbba97e7a7063036b5548608ae236e_2e3c9119bf65d9bf5b10c3a8aeac35267314697732761447
选股因子,「智汇研」券商投行研报精选（持续更新）,20260726_国泰海通证券-低频选股因子周报-2026-07-26.pdf,2026-08-06T21:40:14+08:00,pdf_dfdbba97e7a7063036b5548608ae236e_ef8a6e24528546e494c7280ae4685cb87314697732761447
选股因子,「智汇研」券商投行研报精选（持续更新）,20260726-国泰海通证券-低频选股因子周报20260717_20260724大市值.pdf,2026-08-06T21:40:14+08:00,pdf_dfdbba97e7a7063036b5548608ae236e_ee9fb923c317e001b4f2b1f6d871d08d7314697732761447
选股因子,「智汇研」券商投行研报精选（持续更新）,20260726_低频选股因子周报大市值、低估值风格占优，技术因子表现优异.pdf,2026-08-06T21:40:14+08:00,pdf_dfdbba97e7a7063036b5548608ae236e_5ad7471320f7e46e96b3c2af2e972df87314697732761447
选股因子,「智汇研」券商投行研报精选（持续更新）,20260802_高频选股因子周报高频因子表现持续回撤，多粒度因子多头继续回撤。日度AI增强组合超额显著反弹.pdf,2026-08-06T21:40:14+08:00,pdf_dfdbba97e7a7063036b5548608ae236e_318b66de9c4fb8be3ca21554d1abfd927314697732761447
选股因子,「智汇研」券商投行研报精选（持续更新）,20260808_国盛证券_“量价淘金”选股因子系列研究（十八）量价事件驱动信号在股票绝对收益策略上的应用初探.pdf,2026-08-08T11:29:43+08:00,pdf_dfdbba97e7a7063036b5548608ae236e_01056ca99930ce515c6b9404c37c70a37314697732761447
选股因子,「智汇研」券商投行研报精选（持续更新）,20260808-国盛证券-量价淘金选股因子系列研究十八量价事件驱动信号在股票绝对收益策.pdf,2026-08-09T11:16:21+08:00,pdf_dfdbba97e7a7063036b5548608ae236e_00fadef9f9176e8d3aa9bcb92e71f4567314697732761447
选股因子,「智汇研」券商投行研报精选（持续更新）,20260809_国泰海通证券_高频选股因子周报.pdf,2026-08-12T08:25:26+08:00,pdf_dfdbba97e7a7063036b5548608ae236e_05b0932cbc559f9db8ee3810becf7b5d7314697732761447
选股因子,「智汇研」券商投行研报精选（持续更新）,20260809_国泰海通证券-高频选股因子周报-2026-08-09.pdf,2026-08-12T08:25:26+08:00,pdf_dfdbba97e7a7063036b5548608ae236e_986a26265468c0b2bd33b5a9ad98f9627314697732761447
选股因子,「智汇研」券商投行研报精选（持续更新）,20260803_高频选股因子周报（-20260807）日内收益因子强势反弹，多粒度因子多头反弹显著。周度AI增强组合超额加速反弹。.pdf,2026-08-12T08:25:26+08:00,pdf_dfdbba97e7a7063036b5548608ae236e_634d085d0da7af8817817465c65f07687314697732761447
选股因子,「智汇研」券商投行研报精选（持续更新）,20260808-国盛证券有限责任公司-“量价淘金”选股因子系列研究（十八）量价事件驱动信号在股票绝对收益策略上的应用初.pdf,2026-08-12T08:25:26+08:00,pdf_dfdbba97e7a7063036b5548608ae236e_6bf185e56a4d078a7eeced5b8f6b959f7314697732761447
选股因子,「智汇研」券商投行研报精选（持续更新）,20260815_国泰海通证券_低频选股因子周报（2026.08.07-2026.08.14）.pdf,2026-08-16T07:58:14+08:00,pdf_dfdbba97e7a7063036b5548608ae236e_ea623cbf61585a03938f65d56c6bea967314697732761447
选股因子,「智汇研」券商投行研报精选（持续更新）,20260815-国泰海通证券-低频选股因子周报小市值高估值风格占优反转因子表现优异.pdf,2026-08-16T07:58:14+08:00,pdf_dfdbba97e7a7063036b5548608ae236e_cf080667ac6152866c382f2e5b21cb0f7314697732761447
选股因子,「智汇研」券商投行研报精选（持续更新）,20260815_国泰海通证券-低频选股因子周报-2026-08-15.pdf,2026-08-18T09:11:19+08:00,pdf_dfdbba97e7a7063036b5548608ae236e_d140887cfec427a5401a39fd3443d7da7314697732761447
选股因子,「智汇研」券商投行研报精选（持续更新）,20260818_国泰海通证券_高频选股因子周报.pdf,2026-08-20T07:58:37+08:00,pdf_dfdbba97e7a7063036b5548608ae236e_f97eab50bfb5e4d41fae5ad537a27cab7314697732761447
选股因子,「智汇研」券商投行研报精选（持续更新）,20260818_国泰海通证券-高频选股因子周报-2026-08-18.pdf,2026-08-20T07:58:37+08:00,pdf_dfdbba97e7a7063036b5548608ae236e_913d7b3048255c8e06392c42903dc6f47314697732761447
选股因子,「智汇研」券商投行研报精选（持续更新）,20260818-国泰海通证券-高频选股因子周报高频因子普遍反弹多粒度因子多头持续为正空.pdf,2026-08-20T07:58:37+08:00,pdf_dfdbba97e7a7063036b5548608ae236e_424b974b1f45aee28625fec52d4cc2fa7314697732761447
选股因子,「智汇研」券商投行研报精选（持续更新）,20260823_国泰海通证券-低频选股因子周报-2026-08-23.pdf,2026-08-26T13:14:10+08:00,pdf_dfdbba97e7a7063036b5548608ae236e_b9b0fce66ff2d7ec0fb539635aa216567314697732761447
量化择时,「智汇研」券商投行研报精选（持续更新）,20260726_国泰海通证券_量化择时和拥挤度预警周报.pdf,2026-08-06T21:39:52+08:00,pdf_dfdbba97e7a7063036b5548608ae236e_70f00539355023d623e43d15970638987314697732761447
量化择时,「智汇研」券商投行研报精选（持续更新）,20260801_国泰海通证券_量化择时和拥挤度预警周报.pdf,2026-08-06T21:39:52+08:00,pdf_dfdbba97e7a7063036b5548608ae236e_a1868a86f6415b4cea3b5aefd1d616d57314697732761447
量化择时,「智汇研」券商投行研报精选（持续更新）,20260802_量化择时周报格局改变，反弹延续但空间或受限.pdf,2026-08-06T21:39:52+08:00,pdf_dfdbba97e7a7063036b5548608ae236e_169a78d6263c48d3447f67fc53186ec37314697732761447
量化择时,「智汇研」券商投行研报精选（持续更新）,20260726_量化择时和拥挤度预警周报市场将保持盘整休整格局.pdf,2026-08-06T21:39:52+08:00,pdf_dfdbba97e7a7063036b5548608ae236e_cf6b35279337fee603ea4c33df7db6e77314697732761447
量化择时,「智汇研」券商投行研报精选（持续更新）,20260802_中泰证券_量化择时周报格局改变，反弹延续但空间或受限.pdf,2026-08-06T21:39:52+08:00,pdf_dfdbba97e7a7063036b5548608ae236e_fe3f81e014df30407384497afe91664f7314697732761447
量化择时,「智汇研」券商投行研报精选（持续更新）,20260725_中泰证券_量化择时周报做多信号已现，重视超跌方向.pdf,2026-08-06T21:39:52+08:00,pdf_dfdbba97e7a7063036b5548608ae236e_84860c771c094b8484f66e2fbc25bd6f7314697732761447
量化择时,「智汇研」券商投行研报精选（持续更新）,20260725-中泰证券-量化择时周报做多信号已现重视超跌方向.pdf,2026-08-06T21:39:52+08:00,pdf_dfdbba97e7a7063036b5548608ae236e_8a9353d09ce4a3c40ca38fd96ffe557f7314697732761447
量化择时,「智汇研」券商投行研报精选（持续更新）,20260726_国泰海通证券-量化择时和拥挤度预警周报-2026-07-26.pdf,2026-08-06T21:39:52+08:00,pdf_dfdbba97e7a7063036b5548608ae236e_31fb7d1539f3545bfbbe36fc67c2386d7314697732761447
量化择时,「智汇研」券商投行研报精选（持续更新）,20260726-国泰海通证券-量化择时和拥挤度预警周报市场将保持盘整休整格局.pdf,2026-08-06T21:39:52+08:00,pdf_dfdbba97e7a7063036b5548608ae236e_c43648fdd2ae6f8abbfa841d80ee38097314697732761447
量化择时,「智汇研」券商投行研报精选（持续更新）,20260802_申万宏源_量化择时周报情绪指标年内首次转负，市场风险偏好继续降温.pdf,2026-08-06T21:39:52+08:00,pdf_dfdbba97e7a7063036b5548608ae236e_2d9d5ca12aa17d659a462c0729331cf17314697732761447
量化择时,「智汇研」券商投行研报精选（持续更新）,20260802_广发证券_AI识图关注红利低波、现金流、价值A股量化择时研究报告.pdf,2026-08-06T21:39:52+08:00,pdf_dfdbba97e7a7063036b5548608ae236e_d5105aa275e73a33d928eeec3d7ccf1f7314697732761447
量化择时,「智汇研」券商投行研报精选（持续更新）,20260726_申万宏源_量化择时周报市场情绪降至年内低位，价量与趋势信号持续偏弱.pdf,2026-08-06T21:39:52+08:00,pdf_dfdbba97e7a7063036b5548608ae236e_b79882170cb8725c5c987547ac74b0757314697732761447
量化择时,「智汇研」券商投行研报精选（持续更新）,20260726-申万宏源-量化择时周报市场情绪降至年内低位价量与趋势信号持续偏弱.pdf,2026-08-06T21:39:52+08:00,pdf_dfdbba97e7a7063036b5548608ae236e_ce6f06f6f6f2f9d081a812507be64cf27314697732761447
量化择时,「智汇研」券商投行研报精选（持续更新）,20260809_量化择时周报反弹尾声.pdf,2026-08-12T08:25:26+08:00,pdf_dfdbba97e7a7063036b5548608ae236e_ed4c9c1311da42597cf3448c1773f8757314697732761447
量化择时,「智汇研」券商投行研报精选（持续更新）,20260809_中泰证券_量化择时周报反弹尾声.pdf,2026-08-12T08:25:26+08:00,pdf_dfdbba97e7a7063036b5548608ae236e_bc687da1dee251143cd70e44f23b72577314697732761447
量化择时,「智汇研」券商投行研报精选（持续更新）,20260809_国泰海通证券_量化择时和拥挤度预警周报.pdf,2026-08-12T08:25:26+08:00,pdf_dfdbba97e7a7063036b5548608ae236e_7aeca34595dc5aa5a584ae38f3e3483c7314697732761447
量化择时,「智汇研」券商投行研报精选（持续更新）,20260809_国泰海通证券-量化择时和拥挤度预警周报-2026-08-09.pdf,2026-08-12T08:25:26+08:00,pdf_dfdbba97e7a7063036b5548608ae236e_d0b90e15c83b9b3667a9f84af84e650d7314697732761447
量化择时,「智汇研」券商投行研报精选（持续更新）,20260807_量化择时和拥挤度预警周报（）市场拐点仍有待进一步确认.pdf,2026-08-12T08:25:26+08:00,pdf_dfdbba97e7a7063036b5548608ae236e_2886b094eb8accb814849aa7f7b705d97314697732761447
量化择时,「智汇研」券商投行研报精选（持续更新）,20260809_广发证券_AI识图关注银行、红利低波、交通运输A股量化择时研究报告.pdf,2026-08-12T08:25:26+08:00,pdf_dfdbba97e7a7063036b5548608ae236e_59b1557ed8fcf22f4ca8e5884a2e22267314697732761447
量化择时,「智汇研」券商投行研报精选（持续更新）,20260809_申万宏源_量化择时周报情绪指标低位企稳，风险偏好与资金面同步修复.pdf,2026-08-12T08:25:26+08:00,pdf_dfdbba97e7a7063036b5548608ae236e_1367961bfc6a4502bc9170573866dad37314697732761447
量化择时,「智汇研」券商投行研报精选（持续更新）,20260816_广发证券_AI识图关注现金流、物流、交通运输A股量化择时研究报告.pdf,2026-08-16T07:58:14+08:00,pdf_dfdbba97e7a7063036b5548608ae236e_7420d24f0d140c620972a842d3d7904a7314697732761447
量化择时,「智汇研」券商投行研报精选（持续更新）,20260816_中泰证券_量化择时周报反弹已至目标位.pdf,2026-08-18T09:11:19+08:00,pdf_dfdbba97e7a7063036b5548608ae236e_79836309b7e89adb5182d62ee335d8037314697732761447
量化择时,「智汇研」券商投行研报精选（持续更新）,20260816_申万宏源_量化择时周报情绪指标延续修复，价量与动能同步回暖.pdf,2026-08-18T09:11:19+08:00,pdf_dfdbba97e7a7063036b5548608ae236e_a720ad0a20f363ac3cbcc851a0b1c7017314697732761447
量化择时,「智汇研」券商投行研报精选（持续更新）,20260823_量化择时周报缩量幅度即将到位.pdf,2026-08-26T13:14:10+08:00,pdf_dfdbba97e7a7063036b5548608ae236e_885a5e58516c7a4755fbcb55b3768dfb7314697732761447
量化择时,「智汇研」券商投行研报精选（持续更新）,20260823_中泰证券_量化择时周报缩量幅度即将到位.pdf,2026-08-26T13:14:10+08:00,pdf_dfdbba97e7a7063036b5548608ae236e_30d62e5b7ed17df2ad20803550e556ff7314697732761447
量化择时,「智汇研」券商投行研报精选（持续更新）,20260824_海通国际证券集团-量化择时和拥挤度预警周报-2026-08-24.pdf,2026-08-26T13:14:10+08:00,pdf_dfdbba97e7a7063036b5548608ae236e_cd81a27bee9df54f9723cfe0f93051157314697732761447
量化择时,「智汇研」券商投行研报精选（持续更新）,20260823_广发证券_最新AI识图关注物流、交通运输、消费A股量化择时研究报告.pdf,2026-08-26T13:14:10+08:00,pdf_dfdbba97e7a7063036b5548608ae236e_0ae939b6cd796ed9602abbef9e6628c97314697732761447
量化选股,「智汇研」券商投行研报精选（持续更新）,20260803_中国银河_量化选股策略更新.pdf,2026-08-06T21:42:50+08:00,pdf_dfdbba97e7a7063036b5548608ae236e_baca135d514f652a434e2f8a36bcd8f47314697732761447
量化选股,「智汇研」券商投行研报精选（持续更新）,20260803-中国银河-量化选股策略更新.pdf,2026-08-06T21:42:50+08:00,pdf_dfdbba97e7a7063036b5548608ae236e_b51bc2cae970f81dd0383f7faae8b72d7314697732761447
量化选股,「智汇研」券商投行研报精选（持续更新）,20260803_中国银河_量化选股策略更新（260731）.pdf,2026-08-06T21:42:50+08:00,pdf_dfdbba97e7a7063036b5548608ae236e_3491acb232181c4abca5d0d2ee9c41597314697732761447
量化选股,「智汇研」券商投行研报精选（持续更新）,20260727_国金证券_中银量化选股基金投资价值分析锚定885001指数，量化驱动有效增强.pdf,2026-08-06T21:42:50+08:00,pdf_dfdbba97e7a7063036b5548608ae236e_a1950499c8efd884e1229d797d0b03137314697732761447
量化选股,「智汇研」券商投行研报精选（持续更新）,20260728_申万宏源_金工因子观察第13期视觉大模型ViT在量化选股上的探索.pdf,2026-08-06T21:42:50+08:00,pdf_dfdbba97e7a7063036b5548608ae236e_8fe0a4042fe3bf9bb274aaf46aacbe2e7314697732761447
风格轮动,「智汇研」券商投行研报精选（持续更新）,20260730_风格轮动主客观结合分析框架风格轮动扩散，怎么看？怎么办？.pdf,2026-08-06T21:39:35+08:00,pdf_dfdbba97e7a7063036b5548608ae236e_322580636e6674cab2578fa2710a4b657314697732761447
风格轮动,「智汇研」券商投行研报精选（持续更新）,20260730_浙商证券_风格轮动主客观结合分析框架风格轮动扩散，怎么看？怎么办？.pdf,2026-08-06T21:39:35+08:00,pdf_dfdbba97e7a7063036b5548608ae236e_114ccc3881925e8ab7282375fd554eac7314697732761447
风格轮动,「智汇研」券商投行研报精选（持续更新）,20260803_招商证券_磨底行情仍未结束——风格轮动择时周报.pdf,2026-08-06T21:39:35+08:00,pdf_dfdbba97e7a7063036b5548608ae236e_b3f7ddfed139e2b0f3bfcf119a813cb67314697732761447
风格轮动,「智汇研」券商投行研报精选（持续更新）,20260802_兴业证券_经济稳中向好趋势不变，风格轮动信号转向价值.pdf,2026-08-06T21:39:35+08:00,pdf_dfdbba97e7a7063036b5548608ae236e_e3fb3d355a0de19a7914451d08f3c4307314697732761447
风格轮动,「智汇研」券商投行研报精选（持续更新）,20260805_风格轮动策略月报第15期8月建议超配大盘风格、价值风格，微盘估值处于历史低位长期看好.pdf,2026-08-06T21:39:35+08:00,pdf_dfdbba97e7a7063036b5548608ae236e_e12d3846262a2057e74dfb8f74298af57314697732761447
风格轮动,「智汇研」券商投行研报精选（持续更新）,20260809_转债市场周报风格轮动较快，关注科技及低位品种.pdf,2026-08-12T08:25:26+08:00,pdf_dfdbba97e7a7063036b5548608ae236e_f44bf9df6d7caf744b25c3ea4e1235ec7314697732761447
风格轮动,「智汇研」券商投行研报精选（持续更新）,20260809_国信证券_转债市场周报风格轮动较快，关注科技及低位品种.pdf,2026-08-12T08:25:26+08:00,pdf_dfdbba97e7a7063036b5548608ae236e_fc90b73839f95eebeb85a9f03a89ea627314697732761447
风格轮动,「智汇研」券商投行研报精选（持续更新）,20260809_招商证券_短期有修复机会，但还未到乐观时点风格轮动择时周报.pdf,2026-08-12T08:25:26+08:00,pdf_dfdbba97e7a7063036b5548608ae236e_68ad6654849c1f9795a325f8fd2301727314697732761447
风格轮动,「智汇研」券商投行研报精选（持续更新）,20260824_招商证券_估值观点较为均衡，小盘优势相对突出风格轮动择时周报.pdf,2026-08-26T13:14:10+08:00,pdf_dfdbba97e7a7063036b5548608ae236e_817fb552db3493edde1902ac6153eb847314697732761447
高频因子,「智汇研」券商投行研报精选（持续更新）,20260729-国金证券-高频因子跟踪上周斜率凸性因子表现优异.pdf,2026-08-06T21:40:14+08:00,pdf_dfdbba97e7a7063036b5548608ae236e_7c75ddc7e1241caa330f397405ddcbe07314697732761447
高频因子,「智汇研」券商投行研报精选（持续更新）,20260729_国金证券_高频因子跟踪上周斜率凸性因子表现优异.pdf,2026-08-06T21:40:14+08:00,pdf_dfdbba97e7a7063036b5548608ae236e_9519bd01face60b1b6246750c822e5d57314697732761447
高频因子,「智汇研」券商投行研报精选（持续更新）,20260802_高频选股因子周报高频因子表现持续回撤，多粒度因子多头继续回撤。日度AI增强组合超额显著反弹.pdf,2026-08-06T21:40:14+08:00,pdf_dfdbba97e7a7063036b5548608ae236e_318b66de9c4fb8be3ca21554d1abfd927314697732761447
高频因子,「智汇研」券商投行研报精选（持续更新）,20260811-国金证券-高频因子跟踪上周斜率凸性因子表现稳定.pdf,2026-08-13T10:12:35+08:00,pdf_dfdbba97e7a7063036b5548608ae236e_7830b5441ff2db044d568703aeca23537314697732761447
高频因子,「智汇研」券商投行研报精选（持续更新）,20260818-国泰海通证券-高频选股因子周报高频因子普遍反弹多粒度因子多头持续为正空.pdf,2026-08-20T07:58:37+08:00,pdf_dfdbba97e7a7063036b5548608ae236e_424b974b1f45aee28625fec52d4cc2fa7314697732761447
